Designator,Footprint,Quantity,Value,LCSC Part #
"C1, C11, C13, C14, C15, C16, C4, C7",0603,8,470nF,
"C10, C2, C20, C3, C9",0603,5,100nF,
"C12, C17, C5",0603,3,100nF,C1711
C21,0805,1,22uF,C1711
"C22, C25",0805,2,10u,C1711
C23,0603,1,150pF,C1711
"C24, C27, C29",0805,3,100nF,C1711
"C26, C28",0805,2,10uF,C1711
"C6, C8",CP_Elec_10x10.5,2,470uF 25V,
D1,Nexperia_CFP3_SOD-123W,1,B5819W,C64885
D18,D_SMA,1,SS34,C8678
"D2, D3, D8",0603,3,LED,
"D4, D5, D6, D7",0805,4,LED,
D9,D_SMA,1,SS34,
J1,"TerminalBlock_Phoenix_MKDS-1,5-2_1x02_P5.00mm_Horizontal",1,INPUT 12V,
J2,"TerminalBlock_Phoenix_MKDS-1,5-2_1x02_P5.00mm_Horizontal",1,OUT MOTOR 1,
J3,"TerminalBlock_Phoenix_MKDS-1,5-2_1x02_P5.00mm_Horizontal",1,OUT MOTOR 2,
J4,PinHeader_1x04_P2.54mm_Vertical,1,OLED 3 INCH,
J5,USB_C_Plug_ShenzhenJingTuoJin_918-118A2021Y40002_Vertical,1,USB_C_Receptacle_USB2.0_14P,
L2,L_Chilisin_BMRx00060630,1,15uH,
MP1584,SOIC-8-1EP_3.9x4.9mm_P1.27mm_EP2.29x3mm,1,~,
"Q1, Q2",SOT-23_Handsoldering,2,SS8050,C431710
"Q3, Q4, Q7, Q8",TO-263-7_TabPin8,4,BTN8982TA,
"R1, R10, R11, R14, R15, R2, R20, R21, R5, R6",0603,10,10K,
"R12, R16, R3, R7",0603,4,470,
"R13, R4, R8, R9",0603,4,510,
"R17, R18",0603,2,5k1,
"R19, R25, R26, R31, R32",0603,5,1k,
R22,0603,1,100k,C17540
"R23, R24",0805,2,10K,
"R27, R28, R29, R30",0603,4,330,
"R33, R52",0603,2,10K,C17414
R58,0603,1,24.9k,C17540
R63,0603,1,124k,C17540
R64,0603,1,40.2k,C17540
R65,0805,1,40.2k,C17540
"R69, R70",0805,2,100k,C17540
R71,0603,1,1k,C17540
SW1,SW_SPST_TS-1088-xR025,1,RST,C231329
SW3,SW_SPST_TS-1088-xR025,1,BOOT,C231329
U1,SOT-223-3_TabPin2,1,AMS1117-3.3,
U2,ESP32-WROOM-32U,1,ESP32-WROOM-32U,
"U3, U5",SOP-8_6.605x9.655mm_P2.54mm,2,HCPL-2630,
U4,SOIC-16_3.9x9.9mm_P1.27mm,1,CH340C,
