Designator,Mid X,Mid Y,Rotation,Layer
C1,125.2975,-80.04,180.0,bottom
C10,152.35,-86.14,0.0,bottom
C11,152.35,-83.1,0.0,bottom
C12,124.09,-89.945,0.0,top
C13,125.32,-93.63,180.0,bottom
C14,125.32,-92.11,180.0,bottom
C15,169.2,-77.23,0.0,top
C16,156.31,-82.57,180.0,top
C17,151.73,-90.435,180.0,top
C2,125.29,-76.94,180.0,bottom
C20,165.84,-82.57,180.0,top
C21,144.92,-75.85,0.0,top
C22,144.91,-77.89,180.0,top
C23,131.41,-78.2,0.0,top
C24,132.57,-73.27,90.0,top
C25,144.82,-71.55,180.0,top
C26,151.91,-81.2,180.0,top
C27,147.69,-73.15,270.0,top
C28,151.9,-87.14,180.0,top
C29,147.69,-76.97,90.0,top
C3,152.375,-75.18,0.0,bottom
C4,125.31,-90.56,180.0,bottom
C5,151.72,-88.91,180.0,top
C6,115.99,-75.7475,270.0,top
C7,152.3725,-73.66,0.0,bottom
C8,161.59,-75.77,270.0,top
C9,125.3,-85.98,180.0,bottom
D1,160.7425,-93.34,180.0,bottom
D18,125.51,-74.4,180.0,top
D2,156.45,-97.95,0.0,top
D3,151.765,-85.15,0.0,top
D4,108.48,-70.4,0.0,top
D5,108.4575,-72.835,180.0,top
D6,169.2175,-70.10675,180.0,top
D7,169.21,-72.15,0.0,top
D8,124.06,-88.19,0.0,top
D9,120.26,-95.45,270.0,top
H1,102.06,-72.06,0.0,top
H2,102.05,-95.95,0.0,top
H3,175.94,-72.06,0.0,top
H4,175.94,-95.94,0.0,top
IC1,113.105,-74.7,0.0,bottom
IC2,113.105,-86.11,0.0,bottom
IC3,164.7,-74.715,180.0,bottom
IC4,164.7,-86.07,180.0,bottom
J1,112.72,-94.84,0.0,top
J2,103.0875,-83.26,270.0,top
J3,174.8725,-83.54,90.0,top
J4,128.3,-93.23,0.0,top
J5,164.57,-95.32,270.0,top
L2,125.88,-81.445,90.0,top
MP1584,138.76,-74.39,270.0,top
Q1,156.41,-87.25,270.0,top
Q2,156.5225,-96.25,90.0,bottom
R1,125.3,-72.14,0.0,bottom
R10,152.38,-78.21,180.0,bottom
R11,152.38,-79.75,180.0,bottom
R12,152.3725,-72.14,0.0,bottom
R13,152.38,-88.13,0.0,bottom
R14,152.38,-89.67,180.0,bottom
R15,152.38,-91.19,180.0,bottom
R16,152.35,-84.62,0.0,bottom
R17,164.79,-93.34,180.0,bottom
R18,163.9,-97.99,0.0,bottom
R19,160.32,-97.99,0.0,bottom
R2,125.2875,-73.9,0.0,bottom
R20,156.48,-90.82,0.0,top
R21,156.48,-92.81,180.0,top
R22,134.78,-78.2,0.0,top
R23,108.46,-74.86,180.0,top
R24,169.2,-74.72,0.0,top
R25,135.01,-73.03,180.0,bottom
R26,131.13,-73.03,0.0,bottom
R27,134.9,-86.58,180.0,bottom
R28,131.11,-86.57,0.0,bottom
R29,146.28,-86.58,180.0,bottom
R3,125.32,-78.5,180.0,bottom
R30,142.78,-86.58,0.0,bottom
R31,146.42,-73.04,180.0,bottom
R32,142.43,-73.04,0.0,bottom
R33,151.76,-91.965,180.0,top
R4,125.29,-75.42,180.0,bottom
R5,125.3275,-82.03,0.0,bottom
R52,124.09,-91.935,0.0,top
R58,131.41,-76.64,0.0,top
R6,125.3275,-83.99,0.0,bottom
R63,141.49,-78.19,180.0,top
R64,138.14,-78.2,0.0,top
R65,151.76,-83.19,180.0,top
R69,130.54,-73.27,90.0,top
R7,125.31,-89.04,180.0,bottom
R70,144.76,-73.56,0.0,top
R71,128.12,-86.82,180.0,top
R8,125.31,-87.51,180.0,bottom
R9,152.3775,-76.69,0.0,bottom
SW1,151.86,-95.975,270.0,top
SW3,124.09,-95.965,270.0,top
U1,152.35,-74.37,270.0,top
U2,139.9,-89.46,180.0,top
U3,133.34,-79.81,0.0,bottom
U4,163.8325,-87.48,180.0,top
U5,144.55,-79.82,0.0,bottom
